icgc_mutation_id	icgc_donor_id	project_code	icgc_specimen_id	icgc_sample_id	matched_icgc_sample_id	submitted_sample_id	submitted_matched_sample_id	chromosome	chromosome_start	chromosome_end	chromosome_strand	assembly_version	mutation_type	reference_genome_allele	mutated_from_allele	mutated_to_allele	quality_score	probability	total_read_count	mutant_allele_read_count	verification_status	verification_platform	biological_validation_status	biological_validation_platform	consequence_type	aa_mutation	cds_mutation	gene_affected	transcript_affected	gene_build_version	platform	experimental_protocol	sequencing_strategy	base_calling_algorithm	alignment_algorithm	variation_calling_algorithm	other_analysis_algorithm	seq_coverage	raw_data_repository	raw_data_accession	initial_data_release_date
MU55281056	DO218489	BRCA-EU	SP117710	SA543682	SA545080	PD8623a	PD8623b	15	24985486	24985486	1	GRCh37	single base substitution	G	G	A			57	6	not tested				intergenic_region					75	Illumina HiSeq		WGS			PCAWG Consensus SNV-MNV caller				FI36651:FI36650	
MU55281056	DO218489	BRCA-EU	SP117710	SA543682	SA545080	PD8623a	PD8623b	15	24985486	24985486	1	GRCh37	single base substitution	G	G	A					tested and verified	capillary sequencing	tested and valid	capillary sequencing	intergenic_region					75	Illumina GA sequencing		WGS		BWA v0.5.9 http://www.bio-bwa.sourceforge.net	CaVEMan http://http://cancerit.github.io/CaVEMan/			EGA	EGAS00001001195	
MU50780316	DO218489	BRCA-EU	SP117710	SA543682	SA545080	PD8623a	PD8623b	3	19778034	19778034	1	GRCh37	single base substitution	G	G	A			84	5	not tested				intergenic_region					75	Illumina HiSeq		WGS			PCAWG Consensus SNV-MNV caller				FI36651:FI36650	
MU63478103	DO218489	BRCA-EU	SP117710	SA543682	SA545080	PD8623a	PD8623b	1	247616560	247616560	1	GRCh37	single base substitution	C	C	T			64	10	not tested				downstream_gene_variant			ENSG00000162711	ENST00000532083	75	Illumina HiSeq		WGS			PCAWG Consensus SNV-MNV caller				FI36651:FI36650	
MU63478103	DO218489	BRCA-EU	SP117710	SA543682	SA545080	PD8623a	PD8623b	1	247616560	247616560	1	GRCh37	single base substitution	C	C	T			64	10	not tested				intergenic_region					75	Illumina HiSeq		WGS			PCAWG Consensus SNV-MNV caller				FI36651:FI36650	
MU63478103	DO218489	BRCA-EU	SP117710	SA543682	SA545080	PD8623a	PD8623b	1	247616560	247616560	1	GRCh37	single base substitution	C	C	T			64	10	not tested				downstream_gene_variant			ENSG00000162711	ENST00000336119	75	Illumina HiSeq		WGS			PCAWG Consensus SNV-MNV caller				FI36651:FI36650	
MU63478103	DO218489	BRCA-EU	SP117710	SA543682	SA545080	PD8623a	PD8623b	1	247616560	247616560	1	GRCh37	single base substitution	C	C	T			64	10	not tested				downstream_gene_variant			ENSG00000162711	ENST00000366497	75	Illumina HiSeq		WGS			PCAWG Consensus SNV-MNV caller				FI36651:FI36650	
MU63478103	DO218489	BRCA-EU	SP117710	SA543682	SA545080	PD8623a	PD8623b	1	247616560	247616560	1	GRCh37	single base substitution	C	C	T			64	10	not tested				upstream_gene_variant			ENSG00000177535	ENST00000318749	75	Illumina HiSeq		WGS			PCAWG Consensus SNV-MNV caller				FI36651:FI36650	
MU63478103	DO218489	BRCA-EU	SP117710	SA543682	SA545080	PD8623a	PD8623b	1	247616560	247616560	1	GRCh37	single base substitution	C	C	T			64	10	not tested				downstream_gene_variant			ENSG00000162711	ENST00000391828	75	Illumina HiSeq		WGS			PCAWG Consensus SNV-MNV caller				FI36651:FI36650	
MU63478103	DO218489	BRCA-EU	SP117710	SA543682	SA545080	PD8623a	PD8623b	1	247616560	247616560	1	GRCh37	single base substitution	C	C	T			64	10	not tested				downstream_gene_variant			ENSG00000162711	ENST00000348069	75	Illumina HiSeq		WGS			PCAWG Consensus SNV-MNV caller				FI36651:FI36650	
MU63478103	DO218489	BRCA-EU	SP117710	SA543682	SA545080	PD8623a	PD8623b	1	247616560	247616560	1	GRCh37	single base substitution	C	C	T			64	10	not tested				downstream_gene_variant			ENSG00000162711	ENST00000391827	75	Illumina HiSeq		WGS			PCAWG Consensus SNV-MNV caller				FI36651:FI36650	
MU63478103	DO218489	BRCA-EU	SP117710	SA543682	SA545080	PD8623a	PD8623b	1	247616560	247616560	1	GRCh37	single base substitution	C	C	T			64	10	not tested				downstream_gene_variant			ENSG00000162711	ENST00000366496	75	Illumina HiSeq		WGS			PCAWG Consensus SNV-MNV caller				FI36651:FI36650	
MU63478103	DO218489	BRCA-EU	SP117710	SA543682	SA545080	PD8623a	PD8623b	1	247616560	247616560	1	GRCh37	single base substitution	C	C	T					tested and verified	capillary sequencing	tested and valid	capillary sequencing	downstream_gene_variant			ENSG00000162711	ENST00000532083	75	Illumina GA sequencing		WGS		BWA v0.5.9 http://www.bio-bwa.sourceforge.net	CaVEMan http://http://cancerit.github.io/CaVEMan/			EGA	EGAS00001001195	
MU63478103	DO218489	BRCA-EU	SP117710	SA543682	SA545080	PD8623a	PD8623b	1	247616560	247616560	1	GRCh37	single base substitution	C	C	T					tested and verified	capillary sequencing	tested and valid	capillary sequencing	intergenic_region					75	Illumina GA sequencing		WGS		BWA v0.5.9 http://www.bio-bwa.sourceforge.net	CaVEMan http://http://cancerit.github.io/CaVEMan/			EGA	EGAS00001001195	
MU63478103	DO218489	BRCA-EU	SP117710	SA543682	SA545080	PD8623a	PD8623b	1	247616560	247616560	1	GRCh37	single base substitution	C	C	T					tested and verified	capillary sequencing	tested and valid	capillary sequencing	downstream_gene_variant			ENSG00000162711	ENST00000336119	75	Illumina GA sequencing		WGS		BWA v0.5.9 http://www.bio-bwa.sourceforge.net	CaVEMan http://http://cancerit.github.io/CaVEMan/			EGA	EGAS00001001195	
MU63478103	DO218489	BRCA-EU	SP117710	SA543682	SA545080	PD8623a	PD8623b	1	247616560	247616560	1	GRCh37	single base substitution	C	C	T					tested and verified	capillary sequencing	tested and valid	capillary sequencing	downstream_gene_variant			ENSG00000162711	ENST00000366497	75	Illumina GA sequencing		WGS		BWA v0.5.9 http://www.bio-bwa.sourceforge.net	CaVEMan http://http://cancerit.github.io/CaVEMan/			EGA	EGAS00001001195	
MU63478103	DO218489	BRCA-EU	SP117710	SA543682	SA545080	PD8623a	PD8623b	1	247616560	247616560	1	GRCh37	single base substitution	C	C	T					tested and verified	capillary sequencing	tested and valid	capillary sequencing	upstream_gene_variant			ENSG00000177535	ENST00000318749	75	Illumina GA sequencing		WGS		BWA v0.5.9 http://www.bio-bwa.sourceforge.net	CaVEMan http://http://cancerit.github.io/CaVEMan/			EGA	EGAS00001001195	
MU63478103	DO218489	BRCA-EU	SP117710	SA543682	SA545080	PD8623a	PD8623b	1	247616560	247616560	1	GRCh37	single base substitution	C	C	T					tested and verified	capillary sequencing	tested and valid	capillary sequencing	downstream_gene_variant			ENSG00000162711	ENST00000391828	75	Illumina GA sequencing		WGS		BWA v0.5.9 http://www.bio-bwa.sourceforge.net	CaVEMan http://http://cancerit.github.io/CaVEMan/			EGA	EGAS00001001195	
MU63478103	DO218489	BRCA-EU	SP117710	SA543682	SA545080	PD8623a	PD8623b	1	247616560	247616560	1	GRCh37	single base substitution	C	C	T					tested and verified	capillary sequencing	tested and valid	capillary sequencing	downstream_gene_variant			ENSG00000162711	ENST00000348069	75	Illumina GA sequencing		WGS		BWA v0.5.9 http://www.bio-bwa.sourceforge.net	CaVEMan http://http://cancerit.github.io/CaVEMan/			EGA	EGAS00001001195	
MU63478103	DO218489	BRCA-EU	SP117710	SA543682	SA545080	PD8623a	PD8623b	1	247616560	247616560	1	GRCh37	single base substitution	C	C	T					tested and verified	capillary sequencing	tested and valid	capillary sequencing	downstream_gene_variant			ENSG00000162711	ENST00000391827	75	Illumina GA sequencing		WGS		BWA v0.5.9 http://www.bio-bwa.sourceforge.net	CaVEMan http://http://cancerit.github.io/CaVEMan/			EGA	EGAS00001001195	
MU63478103	DO218489	BRCA-EU	SP117710	SA543682	SA545080	PD8623a	PD8623b	1	247616560	247616560	1	GRCh37	single base substitution	C	C	T					tested and verified	capillary sequencing	tested and valid	capillary sequencing	downstream_gene_variant			ENSG00000162711	ENST00000366496	75	Illumina GA sequencing		WGS		BWA v0.5.9 http://www.bio-bwa.sourceforge.net	CaVEMan http://http://cancerit.github.io/CaVEMan/			EGA	EGAS00001001195	
MU63501834	DO218489	BRCA-EU	SP117710	SA543682	SA545080	PD8623a	PD8623b	1	55211	55211	1	GRCh37	single base substitution	C	C	A					tested and verified	capillary sequencing	tested and valid	capillary sequencing	intergenic_region					75	Illumina GA sequencing		WGS		BWA v0.5.9 http://www.bio-bwa.sourceforge.net	CaVEMan http://http://cancerit.github.io/CaVEMan/			EGA	EGAS00001001195	
MU63501834	DO218489	BRCA-EU	SP117710	SA543682	SA545080	PD8623a	PD8623b	1	55211	55211	1	GRCh37	single base substitution	C	C	A					tested and verified	capillary sequencing	tested and valid	capillary sequencing	downstream_gene_variant			ENSG00000268020	ENST00000606857	75	Illumina GA sequencing		WGS		BWA v0.5.9 http://www.bio-bwa.sourceforge.net	CaVEMan http://http://cancerit.github.io/CaVEMan/			EGA	EGAS00001001195	
MU63501834	DO218489	BRCA-EU	SP117710	SA543682	SA545080	PD8623a	PD8623b	1	55211	55211	1	GRCh37	single base substitution	C	C	A					tested and verified	capillary sequencing	tested and valid	capillary sequencing	downstream_gene_variant			ENSG00000268020	ENST00000594647	75	Illumina GA sequencing		WGS		BWA v0.5.9 http://www.bio-bwa.sourceforge.net	CaVEMan http://http://cancerit.github.io/CaVEMan/			EGA	EGAS00001001195	
MU63501847	DO218489	BRCA-EU	SP117710	SA543682	SA545080	PD8623a	PD8623b	1	979770	979770	1	GRCh37	single base substitution	G	G	T			47	6	not tested				downstream_gene_variant			ENSG00000188157	ENST00000469403	75	Illumina HiSeq		WGS			PCAWG Consensus SNV-MNV caller				FI36651:FI36650	
MU63501847	DO218489	BRCA-EU	SP117710	SA543682	SA545080	PD8623a	PD8623b	1	979770	979770	1	GRCh37	single base substitution	G	G	T			47	6	not tested				upstream_gene_variant			ENSG00000188157	ENST00000466223	75	Illumina HiSeq		WGS			PCAWG Consensus SNV-MNV caller				FI36651:FI36650	
MU63501847	DO218489	BRCA-EU	SP117710	SA543682	SA545080	PD8623a	PD8623b	1	979770	979770	1	GRCh37	single base substitution	G	G	T			47	6	not tested				upstream_gene_variant			ENSG00000188157	ENST00000492947	75	Illumina HiSeq		WGS			PCAWG Consensus SNV-MNV caller				FI36651:FI36650	
MU63501847	DO218489	BRCA-EU	SP117710	SA543682	SA545080	PD8623a	PD8623b	1	979770	979770	1	GRCh37	single base substitution	G	G	T			47	6	not tested				missense_variant	R735S	2205G>T	ENSG00000188157	ENST00000379370	75	Illumina HiSeq		WGS			PCAWG Consensus SNV-MNV caller				FI36651:FI36650	
MU63501847	DO218489	BRCA-EU	SP117710	SA543682	SA545080	PD8623a	PD8623b	1	979770	979770	1	GRCh37	single base substitution	G	G	T			47	6	not tested				upstream_gene_variant			ENSG00000188157	ENST00000478677	75	Illumina HiSeq		WGS			PCAWG Consensus SNV-MNV caller				FI36651:FI36650	
MU63501847	DO218489	BRCA-EU	SP117710	SA543682	SA545080	PD8623a	PD8623b	1	979770	979770	1	GRCh37	single base substitution	G	G	T			47	6	not tested				downstream_gene_variant			ENSG00000188157	ENST00000477585	75	Illumina HiSeq		WGS			PCAWG Consensus SNV-MNV caller				FI36651:FI36650	
MU63501847	DO218489	BRCA-EU	SP117710	SA543682	SA545080	PD8623a	PD8623b	1	979770	979770	1	GRCh37	single base substitution	G	G	T			47	6	not tested				upstream_gene_variant			ENSG00000188157	ENST00000479707	75	Illumina HiSeq		WGS			PCAWG Consensus SNV-MNV caller				FI36651:FI36650	
MU63501847	DO218489	BRCA-EU	SP117710	SA543682	SA545080	PD8623a	PD8623b	1	979770	979770	1	GRCh37	single base substitution	G	G	T					tested and verified	capillary sequencing	tested and valid	capillary sequencing	downstream_gene_variant			ENSG00000188157	ENST00000469403	75	Illumina GA sequencing		WGS		BWA v0.5.9 http://www.bio-bwa.sourceforge.net	CaVEMan http://http://cancerit.github.io/CaVEMan/			EGA	EGAS00001001195	
MU63501847	DO218489	BRCA-EU	SP117710	SA543682	SA545080	PD8623a	PD8623b	1	979770	979770	1	GRCh37	single base substitution	G	G	T					tested and verified	capillary sequencing	tested and valid	capillary sequencing	upstream_gene_variant			ENSG00000188157	ENST00000466223	75	Illumina GA sequencing		WGS		BWA v0.5.9 http://www.bio-bwa.sourceforge.net	CaVEMan http://http://cancerit.github.io/CaVEMan/			EGA	EGAS00001001195	
MU63501847	DO218489	BRCA-EU	SP117710	SA543682	SA545080	PD8623a	PD8623b	1	979770	979770	1	GRCh37	single base substitution	G	G	T					tested and verified	capillary sequencing	tested and valid	capillary sequencing	upstream_gene_variant			ENSG00000188157	ENST00000492947	75	Illumina GA sequencing		WGS		BWA v0.5.9 http://www.bio-bwa.sourceforge.net	CaVEMan http://http://cancerit.github.io/CaVEMan/			EGA	EGAS00001001195	
MU63501847	DO218489	BRCA-EU	SP117710	SA543682	SA545080	PD8623a	PD8623b	1	979770	979770	1	GRCh37	single base substitution	G	G	T					tested and verified	capillary sequencing	tested and valid	capillary sequencing	missense_variant	R735S	2205G>T	ENSG00000188157	ENST00000379370	75	Illumina GA sequencing		WGS		BWA v0.5.9 http://www.bio-bwa.sourceforge.net	CaVEMan http://http://cancerit.github.io/CaVEMan/			EGA	EGAS00001001195	
MU63501847	DO218489	BRCA-EU	SP117710	SA543682	SA545080	PD8623a	PD8623b	1	979770	979770	1	GRCh37	single base substitution	G	G	T					tested and verified	capillary sequencing	tested and valid	capillary sequencing	upstream_gene_variant			ENSG00000188157	ENST00000478677	75	Illumina GA sequencing		WGS		BWA v0.5.9 http://www.bio-bwa.sourceforge.net	CaVEMan http://http://cancerit.github.io/CaVEMan/			EGA	EGAS00001001195	
MU63501847	DO218489	BRCA-EU	SP117710	SA543682	SA545080	PD8623a	PD8623b	1	979770	979770	1	GRCh37	single base substitution	G	G	T					tested and verified	capillary sequencing	tested and valid	capillary sequencing	downstream_gene_variant			ENSG00000188157	ENST00000477585	75	Illumina GA sequencing		WGS		BWA v0.5.9 http://www.bio-bwa.sourceforge.net	CaVEMan http://http://cancerit.github.io/CaVEMan/			EGA	EGAS00001001195	
MU63501847	DO218489	BRCA-EU	SP117710	SA543682	SA545080	PD8623a	PD8623b	1	979770	979770	1	GRCh37	single base substitution	G	G	T					tested and verified	capillary sequencing	tested and valid	capillary sequencing	upstream_gene_variant			ENSG00000188157	ENST00000479707	75	Illumina GA sequencing		WGS		BWA v0.5.9 http://www.bio-bwa.sourceforge.net	CaVEMan http://http://cancerit.github.io/CaVEMan/			EGA	EGAS00001001195	
MU63501852	DO218489	BRCA-EU	SP117710	SA543682	SA545080	PD8623a	PD8623b	1	1192565	1192565	1	GRCh37	single base substitution	C	C	T					tested and verified	capillary sequencing	tested and valid	capillary sequencing	intron_variant			ENSG00000160087	ENST00000450390	75	Illumina GA sequencing		WGS		BWA v0.5.9 http://www.bio-bwa.sourceforge.net	CaVEMan http://http://cancerit.github.io/CaVEMan/			EGA	EGAS00001001195	
MU63501852	DO218489	BRCA-EU	SP117710	SA543682	SA545080	PD8623a	PD8623b	1	1192565	1192565	1	GRCh37	single base substitution	C	C	T					tested and verified	capillary sequencing	tested and valid	capillary sequencing	intron_variant			ENSG00000160087	ENST00000471154	75	Illumina GA sequencing		WGS		BWA v0.5.9 http://www.bio-bwa.sourceforge.net	CaVEMan http://http://cancerit.github.io/CaVEMan/			EGA	EGAS00001001195	
MU63501852	DO218489	BRCA-EU	SP117710	SA543682	SA545080	PD8623a	PD8623b	1	1192565	1192565	1	GRCh37	single base substitution	C	C	T					tested and verified	capillary sequencing	tested and valid	capillary sequencing	intron_variant			ENSG00000160087	ENST00000509720	75	Illumina GA sequencing		WGS		BWA v0.5.9 http://www.bio-bwa.sourceforge.net	CaVEMan http://http://cancerit.github.io/CaVEMan/			EGA	EGAS00001001195	
MU63501852	DO218489	BRCA-EU	SP117710	SA543682	SA545080	PD8623a	PD8623b	1	1192565	1192565	1	GRCh37	single base substitution	C	C	T					tested and verified	capillary sequencing	tested and valid	capillary sequencing	intron_variant			ENSG00000160087	ENST00000503294	75	Illumina GA sequencing		WGS		BWA v0.5.9 http://www.bio-bwa.sourceforge.net	CaVEMan http://http://cancerit.github.io/CaVEMan/			EGA	EGAS00001001195	
MU63501852	DO218489	BRCA-EU	SP117710	SA543682	SA545080	PD8623a	PD8623b	1	1192565	1192565	1	GRCh37	single base substitution	C	C	T					tested and verified	capillary sequencing	tested and valid	capillary sequencing	intron_variant			ENSG00000160087	ENST00000348298	75	Illumina GA sequencing		WGS		BWA v0.5.9 http://www.bio-bwa.sourceforge.net	CaVEMan http://http://cancerit.github.io/CaVEMan/			EGA	EGAS00001001195	
MU63501852	DO218489	BRCA-EU	SP117710	SA543682	SA545080	PD8623a	PD8623b	1	1192565	1192565	1	GRCh37	single base substitution	C	C	T					tested and verified	capillary sequencing	tested and valid	capillary sequencing	intron_variant			ENSG00000160087	ENST00000435198	75	Illumina GA sequencing		WGS		BWA v0.5.9 http://www.bio-bwa.sourceforge.net	CaVEMan http://http://cancerit.github.io/CaVEMan/			EGA	EGAS00001001195	
MU63501852	DO218489	BRCA-EU	SP117710	SA543682	SA545080	PD8623a	PD8623b	1	1192565	1192565	1	GRCh37	single base substitution	C	C	T					tested and verified	capillary sequencing	tested and valid	capillary sequencing	intron_variant			ENSG00000160087	ENST00000339385	75	Illumina GA sequencing		WGS		BWA v0.5.9 http://www.bio-bwa.sourceforge.net	CaVEMan http://http://cancerit.github.io/CaVEMan/			EGA	EGAS00001001195	
MU63501852	DO218489	BRCA-EU	SP117710	SA543682	SA545080	PD8623a	PD8623b	1	1192565	1192565	1	GRCh37	single base substitution	C	C	T					tested and verified	capillary sequencing	tested and valid	capillary sequencing	downstream_gene_variant			ENSG00000160087	ENST00000422076	75	Illumina GA sequencing		WGS		BWA v0.5.9 http://www.bio-bwa.sourceforge.net	CaVEMan http://http://cancerit.github.io/CaVEMan/			EGA	EGAS00001001195	
MU63501852	DO218489	BRCA-EU	SP117710	SA543682	SA545080	PD8623a	PD8623b	1	1192565	1192565	1	GRCh37	single base substitution	C	C	T					tested and verified	capillary sequencing	tested and valid	capillary sequencing	intron_variant			ENSG00000160087	ENST00000347370	75	Illumina GA sequencing		WGS		BWA v0.5.9 http://www.bio-bwa.sourceforge.net	CaVEMan http://http://cancerit.github.io/CaVEMan/			EGA	EGAS00001001195	
MU63501852	DO218489	BRCA-EU	SP117710	SA543682	SA545080	PD8623a	PD8623b	1	1192565	1192565	1	GRCh37	single base substitution	C	C	T					tested and verified	capillary sequencing	tested and valid	capillary sequencing	intron_variant			ENSG00000160087	ENST00000491779	75	Illumina GA sequencing		WGS		BWA v0.5.9 http://www.bio-bwa.sourceforge.net	CaVEMan http://http://cancerit.github.io/CaVEMan/			EGA	EGAS00001001195	
MU63501852	DO218489	BRCA-EU	SP117710	SA543682	SA545080	PD8623a	PD8623b	1	1192565	1192565	1	GRCh37	single base substitution	C	C	T					tested and verified	capillary sequencing	tested and valid	capillary sequencing	upstream_gene_variant			ENSG00000160087	ENST00000467339	75	Illumina GA sequencing		WGS		BWA v0.5.9 http://www.bio-bwa.sourceforge.net	CaVEMan http://http://cancerit.github.io/CaVEMan/			EGA	EGAS00001001195	
MU63501852	DO218489	BRCA-EU	SP117710	SA543682	SA545080	PD8623a	PD8623b	1	1192565	1192565	1	GRCh37	single base substitution	C	C	T					tested and verified	capillary sequencing	tested and valid	capillary sequencing	intron_variant			ENSG00000160087	ENST00000349431	75	Illumina GA sequencing		WGS		BWA v0.5.9 http://www.bio-bwa.sourceforge.net	CaVEMan http://http://cancerit.github.io/CaVEMan/			EGA	EGAS00001001195	
MU63501852	DO218489	BRCA-EU	SP117710	SA543682	SA545080	PD8623a	PD8623b	1	1192565	1192565	1	GRCh37	single base substitution	C	C	T					tested and verified	capillary sequencing	tested and valid	capillary sequencing	intron_variant			ENSG00000160087	ENST00000360466	75	Illumina GA sequencing		WGS		BWA v0.5.9 http://www.bio-bwa.sourceforge.net	CaVEMan http://http://cancerit.github.io/CaVEMan/			EGA	EGAS00001001195	
MU63501852	DO218489	BRCA-EU	SP117710	SA543682	SA545080	PD8623a	PD8623b	1	1192565	1192565	1	GRCh37	single base substitution	C	C	T					tested and verified	capillary sequencing	tested and valid	capillary sequencing	intron_variant			ENSG00000160087	ENST00000400930	75	Illumina GA sequencing		WGS		BWA v0.5.9 http://www.bio-bwa.sourceforge.net	CaVEMan http://http://cancerit.github.io/CaVEMan/			EGA	EGAS00001001195	
MU63501852	DO218489	BRCA-EU	SP117710	SA543682	SA545080	PD8623a	PD8623b	1	1192565	1192565	1	GRCh37	single base substitution	C	C	T					tested and verified	capillary sequencing	tested and valid	capillary sequencing	intron_variant			ENSG00000160087	ENST00000464036	75	Illumina GA sequencing		WGS		BWA v0.5.9 http://www.bio-bwa.sourceforge.net	CaVEMan http://http://cancerit.github.io/CaVEMan/			EGA	EGAS00001001195	
MU63501852	DO218489	BRCA-EU	SP117710	SA543682	SA545080	PD8623a	PD8623b	1	1192565	1192565	1	GRCh37	single base substitution	C	C	T					tested and verified	capillary sequencing	tested and valid	capillary sequencing	intron_variant			ENSG00000160087	ENST00000466752	75	Illumina GA sequencing		WGS		BWA v0.5.9 http://www.bio-bwa.sourceforge.net	CaVEMan http://http://cancerit.github.io/CaVEMan/			EGA	EGAS00001001195	
MU63501852	DO218489	BRCA-EU	SP117710	SA543682	SA545080	PD8623a	PD8623b	1	1192565	1192565	1	GRCh37	single base substitution	C	C	T					tested and verified	capillary sequencing	tested and valid	capillary sequencing	downstream_gene_variant			ENSG00000160087	ENST00000502382	75	Illumina GA sequencing		WGS		BWA v0.5.9 http://www.bio-bwa.sourceforge.net	CaVEMan http://http://cancerit.github.io/CaVEMan/			EGA	EGAS00001001195	
MU63501852	DO218489	BRCA-EU	SP117710	SA543682	SA545080	PD8623a	PD8623b	1	1192565	1192565	1	GRCh37	single base substitution	C	C	T					tested and verified	capillary sequencing	tested and valid	capillary sequencing	intron_variant			ENSG00000160087	ENST00000473215	75	Illumina GA sequencing		WGS		BWA v0.5.9 http://www.bio-bwa.sourceforge.net	CaVEMan http://http://cancerit.github.io/CaVEMan/			EGA	EGAS00001001195	
MU63501852	DO218489	BRCA-EU	SP117710	SA543682	SA545080	PD8623a	PD8623b	1	1192565	1192565	1	GRCh37	single base substitution	C	C	T					tested and verified	capillary sequencing	tested and valid	capillary sequencing	intron_variant			ENSG00000160087	ENST00000400929	75	Illumina GA sequencing		WGS		BWA v0.5.9 http://www.bio-bwa.sourceforge.net	CaVEMan http://http://cancerit.github.io/CaVEMan/			EGA	EGAS00001001195	
MU63501852	DO218489	BRCA-EU	SP117710	SA543682	SA545080	PD8623a	PD8623b	1	1192565	1192565	1	GRCh37	single base substitution	C	C	T					tested and verified	capillary sequencing	tested and valid	capillary sequencing	intron_variant			ENSG00000160087	ENST00000477894	75	Illumina GA sequencing		WGS		BWA v0.5.9 http://www.bio-bwa.sourceforge.net	CaVEMan http://http://cancerit.github.io/CaVEMan/			EGA	EGAS00001001195	
MU63501852	DO218489	BRCA-EU	SP117710	SA543682	SA545080	PD8623a	PD8623b	1	1192565	1192565	1	GRCh37	single base substitution	C	C	T			45	6	not tested				intron_variant			ENSG00000160087	ENST00000450390	75	Illumina HiSeq		WGS			PCAWG Consensus SNV-MNV caller				FI36651:FI36650	
MU63501852	DO218489	BRCA-EU	SP117710	SA543682	SA545080	PD8623a	PD8623b	1	1192565	1192565	1	GRCh37	single base substitution	C	C	T			45	6	not tested				intron_variant			ENSG00000160087	ENST00000471154	75	Illumina HiSeq		WGS			PCAWG Consensus SNV-MNV caller				FI36651:FI36650	
MU63501852	DO218489	BRCA-EU	SP117710	SA543682	SA545080	PD8623a	PD8623b	1	1192565	1192565	1	GRCh37	single base substitution	C	C	T			45	6	not tested				intron_variant			ENSG00000160087	ENST00000509720	75	Illumina HiSeq		WGS			PCAWG Consensus SNV-MNV caller				FI36651:FI36650	
MU63501852	DO218489	BRCA-EU	SP117710	SA543682	SA545080	PD8623a	PD8623b	1	1192565	1192565	1	GRCh37	single base substitution	C	C	T			45	6	not tested				intron_variant			ENSG00000160087	ENST00000503294	75	Illumina HiSeq		WGS			PCAWG Consensus SNV-MNV caller				FI36651:FI36650	
MU63501852	DO218489	BRCA-EU	SP117710	SA543682	SA545080	PD8623a	PD8623b	1	1192565	1192565	1	GRCh37	single base substitution	C	C	T			45	6	not tested				intron_variant			ENSG00000160087	ENST00000348298	75	Illumina HiSeq		WGS			PCAWG Consensus SNV-MNV caller				FI36651:FI36650	
MU63501852	DO218489	BRCA-EU	SP117710	SA543682	SA545080	PD8623a	PD8623b	1	1192565	1192565	1	GRCh37	single base substitution	C	C	T			45	6	not tested				intron_variant			ENSG00000160087	ENST00000435198	75	Illumina HiSeq		WGS			PCAWG Consensus SNV-MNV caller				FI36651:FI36650	
MU63501852	DO218489	BRCA-EU	SP117710	SA543682	SA545080	PD8623a	PD8623b	1	1192565	1192565	1	GRCh37	single base substitution	C	C	T			45	6	not tested				intron_variant			ENSG00000160087	ENST00000339385	75	Illumina HiSeq		WGS			PCAWG Consensus SNV-MNV caller				FI36651:FI36650	
MU63501852	DO218489	BRCA-EU	SP117710	SA543682	SA545080	PD8623a	PD8623b	1	1192565	1192565	1	GRCh37	single base substitution	C	C	T			45	6	not tested				downstream_gene_variant			ENSG00000160087	ENST00000422076	75	Illumina HiSeq		WGS			PCAWG Consensus SNV-MNV caller				FI36651:FI36650	
MU63501852	DO218489	BRCA-EU	SP117710	SA543682	SA545080	PD8623a	PD8623b	1	1192565	1192565	1	GRCh37	single base substitution	C	C	T			45	6	not tested				intron_variant			ENSG00000160087	ENST00000347370	75	Illumina HiSeq		WGS			PCAWG Consensus SNV-MNV caller				FI36651:FI36650	
MU63501852	DO218489	BRCA-EU	SP117710	SA543682	SA545080	PD8623a	PD8623b	1	1192565	1192565	1	GRCh37	single base substitution	C	C	T			45	6	not tested				intron_variant			ENSG00000160087	ENST00000491779	75	Illumina HiSeq		WGS			PCAWG Consensus SNV-MNV caller				FI36651:FI36650	
MU63501852	DO218489	BRCA-EU	SP117710	SA543682	SA545080	PD8623a	PD8623b	1	1192565	1192565	1	GRCh37	single base substitution	C	C	T			45	6	not tested				upstream_gene_variant			ENSG00000160087	ENST00000467339	75	Illumina HiSeq		WGS			PCAWG Consensus SNV-MNV caller				FI36651:FI36650	
MU63501852	DO218489	BRCA-EU	SP117710	SA543682	SA545080	PD8623a	PD8623b	1	1192565	1192565	1	GRCh37	single base substitution	C	C	T			45	6	not tested				intron_variant			ENSG00000160087	ENST00000349431	75	Illumina HiSeq		WGS			PCAWG Consensus SNV-MNV caller				FI36651:FI36650	
MU63501852	DO218489	BRCA-EU	SP117710	SA543682	SA545080	PD8623a	PD8623b	1	1192565	1192565	1	GRCh37	single base substitution	C	C	T			45	6	not tested				intron_variant			ENSG00000160087	ENST00000360466	75	Illumina HiSeq		WGS			PCAWG Consensus SNV-MNV caller				FI36651:FI36650	
MU63501852	DO218489	BRCA-EU	SP117710	SA543682	SA545080	PD8623a	PD8623b	1	1192565	1192565	1	GRCh37	single base substitution	C	C	T			45	6	not tested				intron_variant			ENSG00000160087	ENST00000400930	75	Illumina HiSeq		WGS			PCAWG Consensus SNV-MNV caller				FI36651:FI36650	
MU63501852	DO218489	BRCA-EU	SP117710	SA543682	SA545080	PD8623a	PD8623b	1	1192565	1192565	1	GRCh37	single base substitution	C	C	T			45	6	not tested				intron_variant			ENSG00000160087	ENST00000464036	75	Illumina HiSeq		WGS			PCAWG Consensus SNV-MNV caller				FI36651:FI36650	
MU63501852	DO218489	BRCA-EU	SP117710	SA543682	SA545080	PD8623a	PD8623b	1	1192565	1192565	1	GRCh37	single base substitution	C	C	T			45	6	not tested				intron_variant			ENSG00000160087	ENST00000466752	75	Illumina HiSeq		WGS			PCAWG Consensus SNV-MNV caller				FI36651:FI36650	
MU63501852	DO218489	BRCA-EU	SP117710	SA543682	SA545080	PD8623a	PD8623b	1	1192565	1192565	1	GRCh37	single base substitution	C	C	T			45	6	not tested				downstream_gene_variant			ENSG00000160087	ENST00000502382	75	Illumina HiSeq		WGS			PCAWG Consensus SNV-MNV caller				FI36651:FI36650	
MU63501852	DO218489	BRCA-EU	SP117710	SA543682	SA545080	PD8623a	PD8623b	1	1192565	1192565	1	GRCh37	single base substitution	C	C	T			45	6	not tested				intron_variant			ENSG00000160087	ENST00000473215	75	Illumina HiSeq		WGS			PCAWG Consensus SNV-MNV caller				FI36651:FI36650	
MU63501852	DO218489	BRCA-EU	SP117710	SA543682	SA545080	PD8623a	PD8623b	1	1192565	1192565	1	GRCh37	single base substitution	C	C	T			45	6	not tested				intron_variant			ENSG00000160087	ENST00000400929	75	Illumina HiSeq		WGS			PCAWG Consensus SNV-MNV caller				FI36651:FI36650	
MU63501852	DO218489	BRCA-EU	SP117710	SA543682	SA545080	PD8623a	PD8623b	1	1192565	1192565	1	GRCh37	single base substitution	C	C	T			45	6	not tested				intron_variant			ENSG00000160087	ENST00000477894	75	Illumina HiSeq		WGS			PCAWG Consensus SNV-MNV caller				FI36651:FI36650	
MU63501854	DO218489	BRCA-EU	SP117710	SA543682	SA545080	PD8623a	PD8623b	1	4058805	4058805	1	GRCh37	single base substitution	C	C	T					tested and verified	capillary sequencing	tested and valid	capillary sequencing	intergenic_region					75	Illumina GA sequencing		WGS		BWA v0.5.9 http://www.bio-bwa.sourceforge.net	CaVEMan http://http://cancerit.github.io/CaVEMan/			EGA	EGAS00001001195	
MU63501854	DO218489	BRCA-EU	SP117710	SA543682	SA545080	PD8623a	PD8623b	1	4058805	4058805	1	GRCh37	single base substitution	C	C	T			55	11	not tested				intergenic_region					75	Illumina HiSeq		WGS			PCAWG Consensus SNV-MNV caller				FI36651:FI36650	
MU63501867	DO218489	BRCA-EU	SP117710	SA543682	SA545080	PD8623a	PD8623b	1	8248481	8248481	1	GRCh37	single base substitution	C	C	T					tested and verified	capillary sequencing	tested and valid	capillary sequencing	intergenic_region					75	Illumina GA sequencing		WGS		BWA v0.5.9 http://www.bio-bwa.sourceforge.net	CaVEMan http://http://cancerit.github.io/CaVEMan/			EGA	EGAS00001001195	
MU63501867	DO218489	BRCA-EU	SP117710	SA543682	SA545080	PD8623a	PD8623b	1	8248481	8248481	1	GRCh37	single base substitution	C	C	T					tested and verified	capillary sequencing	tested and valid	capillary sequencing	upstream_gene_variant			ENSG00000229305	ENST00000453364	75	Illumina GA sequencing		WGS		BWA v0.5.9 http://www.bio-bwa.sourceforge.net	CaVEMan http://http://cancerit.github.io/CaVEMan/			EGA	EGAS00001001195	
MU63501867	DO218489	BRCA-EU	SP117710	SA543682	SA545080	PD8623a	PD8623b	1	8248481	8248481	1	GRCh37	single base substitution	C	C	T			47	8	not tested				intergenic_region					75	Illumina HiSeq		WGS			PCAWG Consensus SNV-MNV caller				FI36651:FI36650	
MU63501867	DO218489	BRCA-EU	SP117710	SA543682	SA545080	PD8623a	PD8623b	1	8248481	8248481	1	GRCh37	single base substitution	C	C	T			47	8	not tested				upstream_gene_variant			ENSG00000229305	ENST00000453364	75	Illumina HiSeq		WGS			PCAWG Consensus SNV-MNV caller				FI36651:FI36650	
MU63501874	DO218489	BRCA-EU	SP117710	SA543682	SA545080	PD8623a	PD8623b	1	9042655	9042655	1	GRCh37	single base substitution	C	C	T					tested and verified	capillary sequencing	tested and valid	capillary sequencing	intergenic_region					75	Illumina GA sequencing		WGS		BWA v0.5.9 http://www.bio-bwa.sourceforge.net	CaVEMan http://http://cancerit.github.io/CaVEMan/			EGA	EGAS00001001195	
MU63501874	DO218489	BRCA-EU	SP117710	SA543682	SA545080	PD8623a	PD8623b	1	9042655	9042655	1	GRCh37	single base substitution	C	C	T					tested and verified	capillary sequencing	tested and valid	capillary sequencing	upstream_gene_variant			ENSG00000265141	ENST00000583026	75	Illumina GA sequencing		WGS		BWA v0.5.9 http://www.bio-bwa.sourceforge.net	CaVEMan http://http://cancerit.github.io/CaVEMan/			EGA	EGAS00001001195	
MU63501874	DO218489	BRCA-EU	SP117710	SA543682	SA545080	PD8623a	PD8623b	1	9042655	9042655	1	GRCh37	single base substitution	C	C	T			49	14	not tested				intergenic_region					75	Illumina HiSeq		WGS			PCAWG Consensus SNV-MNV caller				FI36651:FI36650	
MU63501874	DO218489	BRCA-EU	SP117710	SA543682	SA545080	PD8623a	PD8623b	1	9042655	9042655	1	GRCh37	single base substitution	C	C	T			49	14	not tested				upstream_gene_variant			ENSG00000265141	ENST00000583026	75	Illumina HiSeq		WGS			PCAWG Consensus SNV-MNV caller				FI36651:FI36650	
MU63501881	DO218489	BRCA-EU	SP117710	SA543682	SA545080	PD8623a	PD8623b	1	10663015	10663015	1	GRCh37	single base substitution	C	C	T					tested and verified	capillary sequencing	tested and valid	capillary sequencing	intron_variant			ENSG00000142655	ENST00000356607	75	Illumina GA sequencing		WGS		BWA v0.5.9 http://www.bio-bwa.sourceforge.net	CaVEMan http://http://cancerit.github.io/CaVEMan/			EGA	EGAS00001001195	
MU63501881	DO218489	BRCA-EU	SP117710	SA543682	SA545080	PD8623a	PD8623b	1	10663015	10663015	1	GRCh37	single base substitution	C	C	T					tested and verified	capillary sequencing	tested and valid	capillary sequencing	intron_variant			ENSG00000142655	ENST00000491661	75	Illumina GA sequencing		WGS		BWA v0.5.9 http://www.bio-bwa.sourceforge.net	CaVEMan http://http://cancerit.github.io/CaVEMan/			EGA	EGAS00001001195	
MU63501881	DO218489	BRCA-EU	SP117710	SA543682	SA545080	PD8623a	PD8623b	1	10663015	10663015	1	GRCh37	single base substitution	C	C	T					tested and verified	capillary sequencing	tested and valid	capillary sequencing	intron_variant			ENSG00000142655	ENST00000538836	75	Illumina GA sequencing		WGS		BWA v0.5.9 http://www.bio-bwa.sourceforge.net	CaVEMan http://http://cancerit.github.io/CaVEMan/			EGA	EGAS00001001195	
MU63501881	DO218489	BRCA-EU	SP117710	SA543682	SA545080	PD8623a	PD8623b	1	10663015	10663015	1	GRCh37	single base substitution	C	C	T			36	10	not tested				intron_variant			ENSG00000142655	ENST00000356607	75	Illumina HiSeq		WGS			PCAWG Consensus SNV-MNV caller				FI36651:FI36650	
MU63501881	DO218489	BRCA-EU	SP117710	SA543682	SA545080	PD8623a	PD8623b	1	10663015	10663015	1	GRCh37	single base substitution	C	C	T			36	10	not tested				intron_variant			ENSG00000142655	ENST00000491661	75	Illumina HiSeq		WGS			PCAWG Consensus SNV-MNV caller				FI36651:FI36650	
MU63501881	DO218489	BRCA-EU	SP117710	SA543682	SA545080	PD8623a	PD8623b	1	10663015	10663015	1	GRCh37	single base substitution	C	C	T			36	10	not tested				intron_variant			ENSG00000142655	ENST00000538836	75	Illumina HiSeq		WGS			PCAWG Consensus SNV-MNV caller				FI36651:FI36650	
MU63501889	DO218489	BRCA-EU	SP117710	SA543682	SA545080	PD8623a	PD8623b	1	11387713	11387713	1	GRCh37	single base substitution	G	G	T					tested and verified	capillary sequencing	tested and valid	capillary sequencing	intergenic_region					75	Illumina GA sequencing		WGS		BWA v0.5.9 http://www.bio-bwa.sourceforge.net	CaVEMan http://http://cancerit.github.io/CaVEMan/			EGA	EGAS00001001195	
MU63501889	DO218489	BRCA-EU	SP117710	SA543682	SA545080	PD8623a	PD8623b	1	11387713	11387713	1	GRCh37	single base substitution	G	G	T			46	5	not tested				intergenic_region					75	Illumina HiSeq		WGS			PCAWG Consensus SNV-MNV caller				FI36651:FI36650	
MU63501898	DO218489	BRCA-EU	SP117710	SA543682	SA545080	PD8623a	PD8623b	1	11669158	11669158	1	GRCh37	single base substitution	G	G	C			44	13	not tested				intergenic_region					75	Illumina HiSeq		WGS			PCAWG Consensus SNV-MNV caller				FI36651:FI36650	
MU63501898	DO218489	BRCA-EU	SP117710	SA543682	SA545080	PD8623a	PD8623b	1	11669158	11669158	1	GRCh37	single base substitution	G	G	C			44	13	not tested				upstream_gene_variant			ENSG00000235643	ENST00000453135	75	Illumina HiSeq		WGS			PCAWG Consensus SNV-MNV caller				FI36651:FI36650	
MU63501898	DO218489	BRCA-EU	SP117710	SA543682	SA545080	PD8623a	PD8623b	1	11669158	11669158	1	GRCh37	single base substitution	G	G	C					tested and verified	capillary sequencing	tested and valid	capillary sequencing	intergenic_region					75	Illumina GA sequencing		WGS		BWA v0.5.9 http://www.bio-bwa.sourceforge.net	CaVEMan http://http://cancerit.github.io/CaVEMan/			EGA	EGAS00001001195	
MU63501898	DO218489	BRCA-EU	SP117710	SA543682	SA545080	PD8623a	PD8623b	1	11669158	11669158	1	GRCh37	single base substitution	G	G	C					tested and verified	capillary sequencing	tested and valid	capillary sequencing	upstream_gene_variant			ENSG00000235643	ENST00000453135	75	Illumina GA sequencing		WGS		BWA v0.5.9 http://www.bio-bwa.sourceforge.net	CaVEMan http://http://cancerit.github.io/CaVEMan/			EGA	EGAS00001001195	
